num_bed,year_built,longitude,latitude,num_room,num_bath,living_area,property_type,num_parking,accessible_buildings,family_quality,art_expos,emergency_shelters,emergency_water,Facilities,fire_stations,Cultural,Monuments,police_stations,Vacant,Free_Parking,askprice
2,1993,-73.6696768,45.537392,5,1,97.55,9,1,5,101,93,26,185,11,26,42,14,15,1,36,272800
2,2003,-73.5651434,45.4927424,5,1,94.02,9,1,5,137,213,27,213,216,37,62,41,17,43,48,421000
2,1996,-73.6258169,45.4981584,7,2,93.37,9,1,5,156,251,36,284,210,40,73,44,23,43,51,364000
2,2002,-73.5538055,45.4990276,4,1,78.97,9,1,4,133,207,25,199,216,34,61,41,18,43,49,420000
5,1946,-73.6249059,45.5050633,9,3,167.23,9,1,5,163,248,35,294,210,42,75,45,24,43,52,719000
2,1987,-73.569921,45.5536353,7,1,117.8,9,1,6,167,208,32,235,216,39,67,44,21,43,52,385900
1,2003,-73.568428,45.5164014,5,1,108.7,9,1,4,167,211,29,245,216,37,68,42,20,43,52,565000
1,2010,-73.5948723,45.4621857,3,1,39.76,9,1,5,117,225,29,204,216,31,57,33,18,43,39,169000
2,2011,-73.65236744,45.49670815,4,1,72,9,1,6,127,201,32,236,104,35,60,27,21,29,40,286000
2,2003,-73.5946616,45.5303368,6,1,120.5,9,1,5,182,222,35,285,216,44,74,44,23,43,53,449000
1,2011,-73.5953945,45.5319527,4,1,68.75,9,1,5,180,221,35,285,216,44,73,44,23,43,53,320000
1,2005,-73.5442237,45.5456009,3,1,73.95,9,1,6,140,198,27,192,216,32,57,40,19,43,51,225000
2,1984,-73.5740395,45.4843058,4,1,82.22,9,1,5,132,212,26,216,216,36,62,41,18,43,44,324000
2,2006,-73.5678455,45.5471796,5,1,78.37,9,1,6,170,211,32,241,216,41,68,42,22,43,52,299000
2,2006,-73.595435,45.5648096,4,1,89.89,9,1,6,168,204,30,236,215,40,69,42,20,43,51,294000
1,1984,-73.5640067,45.5362977,3,1,57.65,9,1,5,168,210,30,242,216,39,68,42,20,43,51,234000
2,1994,-73.5506065,45.5113026,6,2,92.9,9,1,4,147,209,27,205,216,35,67,41,20,43,52,445000
3,2011,-73.5936206,45.4748548,5,1,104.98,9,1,5,128,222,29,225,216,36,65,42,19,43,42,379000
3,1983,-73.5234898,45.5922105,6,2,136.01,9,1,5,114,117,20,142,171,22,40,26,11,20,20,280000
2,2008,-73.5641251,45.5434896,5,1,98.01,9,1,5,167,210,32,238,216,41,68,42,22,43,51,399000
3,1974,-73.5663994,45.5293917,8,2,133.41,9,1,5,173,210,31,247,216,37,68,42,21,43,52,519000
1,2012,-73.5592235,45.495234,4,1,52.77,9,1,5,135,211,26,203,216,34,61,41,17,43,49,289000
3,1996,-73.5639816,45.5530071,7,1,122.63,9,1,7,160,207,30,229,216,39,64,42,21,43,52,395000
2,2007,-73.5659243,45.5440959,5,1,107.3,9,1,5,169,210,32,241,216,41,68,42,22,43,52,397500
2,2005,-73.5328434,45.5874433,6,1,95.32,9,1,5,125,131,23,164,186,24,51,28,14,26,34,256000
1,2007,-73.535601,45.5596501,3,1,68.01,9,1,6,128,184,23,165,215,29,52,37,17,43,50,220000
2,2000,-73.6237901,45.5336769,4,1,91.04,9,1,5,168,210,36,279,210,44,73,43,23,43,53,386000
2,1990,-73.5881614,45.6078226,4,1,76.7,9,1,5,136,92,25,186,93,27,47,24,17,8,42,234900
2,2003,-73.583566,45.5836428,4,2,110.7,9,1,7,144,180,27,206,212,35,57,38,18,43,51,344900
3,1951,-73.590437,45.555378,7,2,115,9,1,6,168,209,33,245,216,39,68,44,21,43,52,498000
2,2005,-73.5917009,45.6089398,5,2,117.34,9,1,5,135,86,25,184,83,27,47,24,16,8,42,398000
1,2008,-73.5685394,45.5141941,5,1,64.38,9,1,4,165,211,29,244,216,37,68,42,20,43,52,349000
2,2003,-73.5630479,45.50519,5,1,93.5,9,1,4,148,211,27,224,216,34,63,41,19,43,52,424999
1,2013,-73.5668466,45.4875318,3,1,72,9,2,5,132,212,25,213,216,36,63,41,17,43,45,429000
3,1929,-73.6196872,45.4863336,6,2,171.87,9,1,5,147,249,33,263,211,39,66,37,22,43,45,499000
1,2013,-73.55915308,45.44674913,5,1,73.11,9,1,4,86,174,19,143,216,23,44,27,12,43,29,409000
1,1992,-73.5496888,45.5769539,5,1,48.77,9,1,6,142,183,29,187,215,32,56,35,18,43,50,189900
2,2009,-73.5449084,45.553309,7,1,102.19,9,1,7,136,192,25,190,216,32,53,40,18,43,50,381000
3,1986,-73.638815,45.5510149,5,2,109.3,9,1,4,147,179,31,248,176,35,64,34,21,40,51,299800
2,2002,-73.53662102,45.59580981,6,2,162.58,9,1,5,125,123,23,161,171,24,51,27,14,22,29,454900
2,1984,-73.6278246,45.5542689,5,2,101.26,9,1,5,166,192,34,255,199,41,70,39,24,42,52,349000
2,2009,-73.5857667,45.5729225,6,1,84.54,9,1,7,151,194,28,215,215,38,62,39,19,43,51,270000
2,1999,-73.5627348,45.5527411,5,1,101.82,9,1,7,160,206,30,228,216,39,64,42,21,43,51,385000
2,2008,-73.6084085,45.425197,4,1,85.94,9,1,3,69,146,21,128,56,19,34,16,9,23,19,299000
2,2009,-73.5859396,45.5726048,5,1,83.98,9,1,7,152,195,28,216,215,38,62,40,19,43,51,269000
2,2012,-73.5599938,45.4953476,6,2,105.82,9,1,5,137,211,26,207,216,34,62,41,17,43,49,589000
2,1999,-73.6148308,45.4420457,7,1,111.48,9,1,5,87,199,22,162,117,26,48,28,14,35,30,319000
2,1987,-73.5525877,45.461987,5,1,95.13,9,1,4,94,184,19,156,216,25,49,28,14,43,37,335000
1,2007,-73.5495422,45.5264999,4,1,60.94,9,1,5,156,208,29,220,216,35,65,41,18,43,52,229000
2,2006,-73.56618,45.5441672,6,1,100.24,9,1,5,169,210,32,242,216,41,68,42,22,43,52,424900
2,1990,-73.5554151,45.5720025,5,1,115.76,9,1,6,143,186,26,197,215,32,60,36,18,43,50,372000
1,2009,-73.66487833,45.44239434,3,1,68.93,9,1,4,63,106,21,138,5,18,27,7,11,3,11,220000
2,1977,-73.53994846,45.46079286,9,2,134.71,9,2,4,76,175,14,130,216,23,46,26,10,43,26,625000
2,2006,-73.5680766,45.5467932,4,1,90.12,9,1,6,171,212,32,242,216,41,68,42,22,43,52,339000
2,1989,-73.54548144,45.59426678,7,2,111.67,9,1,5,130,136,24,174,181,27,52,29,14,23,33,357500
2,1982,-73.67091218,45.52072539,6,2,123.41,9,1,5,100,141,26,189,17,25,40,17,14,7,32,399000
6,2011,-73.6492794,45.5001634,8,2,104.79,9,1,5,135,212,32,249,129,35,63,28,21,34,42,478000
1,2005,-73.5601137,45.4961667,1,1,73.49,9,1,5,135,211,26,208,216,34,61,41,18,43,49,339000
2,2012,-73.54937911,45.53692826,5,1,99.96,9,1,5,152,208,27,215,216,35,64,41,18,43,51,348000
2,1984,-73.5711459,45.5858507,4,1,88.3,9,1,6,141,182,26,196,209,33,57,36,19,40,51,224500
2,2006,-73.55292572,45.44916671,5,2,99.41,9,2,4,77,172,16,131,216,22,44,27,12,43,28,415000
2,2001,-73.5551352,45.4589895,5,2,107.3,9,2,4,93,179,20,154,216,26,48,27,14,43,36,485000
2,1988,-73.5508035,45.462495,6,1,99.41,9,1,4,93,182,18,153,216,25,48,29,15,43,37,355000
2,2012,-73.63566524,45.54592648,4,1,88.91,9,1,5,151,194,33,256,194,37,66,40,21,42,51,375000
1,2007,-73.5864916,45.5719109,3,1,60.29,9,1,7,154,195,29,217,215,38,62,41,19,43,51,186000
3,1949,-73.6331156,45.4761651,6,1,95.69,9,1,5,130,228,32,238,179,35,61,32,21,38,41,335000
2,1989,-73.5475387,45.5578887,4,1,96.99,9,1,7,141,193,26,196,216,33,58,41,19,43,50,338000
2,1928,-73.56884927,45.50595309,6,1,111.11,1,2,4,150,212,28,233,216,37,63,42,19,43,52,779000
2,2009,-73.5896912,45.5349927,6,1,94.39,9,1,5,183,220,34,280,216,44,75,44,23,43,53,429000
2,2004,-73.58183969,45.47349524,7,1,94.76,9,1,4,129,215,26,213,216,34,64,42,18,43,42,379400
2,1988,-73.5533446,45.4650254,4,1,109.63,9,2,4,102,192,20,162,216,27,53,35,16,43,39,369000
1,1920,-73.54739422,45.514151,4,1,97.64,9,1,4,148,207,27,205,216,34,65,41,18,43,52,447000
2,2008,-73.5319261,45.5864052,5,1,83.61,9,1,5,124,134,23,161,186,24,50,28,14,26,34,259900
2,2005,-73.5345142,45.588021,6,1,86.03,9,1,5,125,134,23,165,186,24,51,28,14,26,33,249500
2,2012,-73.6177373,45.5343955,5,2,116.5,9,1,5,175,218,38,283,214,44,72,44,24,43,53,539000
1,2010,-73.5778201,45.497733,5,1,103.4,9,1,5,151,219,28,236,216,38,65,42,21,43,53,619000
2,2001,-73.5751172,45.4808714,4,2,108.88,9,1,5,130,212,24,217,216,35,62,41,18,43,44,468000
2,2013,-73.6276841,45.5155377,4,2,91.51,9,1,4,165,232,36,290,209,42,77,45,23,43,55,314000
1,2002,-73.5668787,45.5455524,5,1,82.68,9,1,6,169,210,32,242,216,41,68,42,22,43,52,273500
2,2011,-73.6198453,45.5367667,5,1,112.41,9,1,5,175,210,38,280,210,44,72,43,24,43,52,429000
3,1910,-73.6005439,45.5204284,7,1,108.14,9,2,5,177,224,36,292,216,43,75,44,22,43,53,479000
1,1942,-73.5788602,45.5362325,3,1,65.03,9,1,4,179,216,33,269,216,42,73,44,22,43,53,229000
1,1989,-73.5446199,45.4979433,4,1,133.78,9,1,4,125,206,23,181,216,30,61,41,16,43,47,499500
2,2006,-73.5623049,45.5964963,4,1,93.83,9,1,5,139,132,26,189,176,30,54,32,17,22,43,341995
1,2009,-73.644857,45.4179437,3,1,67.4,9,1,2,55,88,15,112,4,12,21,7,8,1,6,279000
2,2012,-73.5449258,45.5572639,4,1,69.68,9,1,6,139,189,25,191,216,32,55,39,19,43,50,265000
2,2007,-73.58238124,45.47366528,6,1,106.84,9,1,4,130,223,26,213,216,34,65,43,18,43,43,549000
2,1922,-73.5741005,45.5511021,7,1,92.9,9,1,6,173,208,32,241,216,40,67,44,22,43,52,278000
1,2013,-73.5602333,45.4920789,5,1,66.52,9,1,5,133,213,26,204,216,35,62,41,17,43,46,319000
1,1998,-73.6255364,45.4725882,3,1,65.5,9,1,5,128,226,32,235,192,35,62,32,20,40,40,285000
2,1999,-73.5767344,45.4774865,4,1,74.32,9,1,5,129,212,25,213,216,35,62,41,18,43,42,314000
2,2009,-73.6309852,45.5518062,4,2,114.55,9,1,5,162,193,34,257,198,41,70,39,24,42,51,374900
2,1986,-73.6442712,45.5619155,6,1,91.14,9,1,4,127,135,27,222,104,33,55,29,19,18,47,273000
1,2010,-73.562056,45.4967098,3,1,45.06,9,1,5,138,212,27,212,216,35,62,41,18,43,49,244000
3,2010,-73.5359142,45.6124466,6,1,97.08,9,1,4,111,57,23,140,76,20,36,12,10,7,20,284900
2,2003,-73.5841929,45.6060792,5,1,82.03,9,1,5,136,96,25,186,107,27,50,26,17,10,42,239000
2,2008,-73.53383072,45.59091759,10,1,92.62,9,1,5,124,130,23,163,182,24,50,28,14,24,29,243500
2,1984,-73.5383047,45.4650907,6,2,103.03,9,1,4,80,178,14,131,216,22,46,28,11,43,33,339000
4,1932,-73.6127141,45.5185441,10,1,137.5,9,1,5,171,230,34,296,216,44,77,44,23,43,53,699000
2,2010,-73.5390965,45.473018,4,2,104.05,9,2,5,89,194,18,141,216,24,52,37,11,43,38,522000
3,1926,-73.5690992,45.5303953,8,2,195.1,9,2,5,174,211,31,251,216,40,69,42,22,43,53,574000
1,2001,-73.6719778,45.5233891,3,1,74.32,9,1,5,99,115,24,183,13,24,39,16,14,5,30,230000
2,2012,-73.6160206,45.5230343,4,1,83.98,9,1,5,171,223,34,297,215,44,76,44,23,43,53,450000
2,2006,-73.581169,45.474261,5,1,97.55,9,1,5,129,214,27,215,216,34,64,41,18,43,43,399999
1,1865,-73.5579861,45.5021354,4,1,117.99,9,1,4,138,210,26,210,216,34,63,41,18,43,52,572000
2,1998,-73.5494901,45.5569178,5,1,93.92,9,1,7,144,194,27,202,216,34,60,41,18,43,50,338000
1,2011,-73.5953945,45.5319527,3,1,50.73,9,1,5,180,221,35,285,216,44,73,44,23,43,53,275000
3,2003,-73.6098465,45.445718,6,1,141.68,9,1,5,96,203,23,171,160,25,50,29,16,36,36,369000
1,1985,-73.6702883,45.5366127,5,1,75.72,9,1,5,100,93,25,184,10,26,42,14,15,1,35,195000
2,1984,-73.5517914,45.5743273,5,1,83.89,9,1,6,143,184,28,191,215,32,58,35,18,43,50,263500
2,2014,-73.5500564,45.5142423,5,2,120.77,9,1,4,154,208,27,214,216,35,66,41,19,43,52,599000
2,2006,-73.5859159,45.5681246,5,1,86.59,9,1,7,158,199,29,227,216,38,65,43,19,43,51,229500
1,2007,-73.5384703,45.5560918,4,1,72.65,9,1,6,131,186,22,173,216,32,53,39,19,43,50,317000
1,2005,-73.6324551,45.5530711,4,1,74.88,9,1,5,162,192,34,256,194,41,70,39,23,42,51,265000
1,1991,-73.5477439,45.463205,4,1,75.62,9,1,4,89,181,17,150,216,24,48,29,13,43,37,264500
2,2007,-73.56579382,45.49489498,4,1,74.97,9,1,5,139,213,27,217,216,37,62,41,18,43,49,389000
2,2009,-73.6525274,45.4989082,5,1,78,9,1,6,130,201,31,239,107,35,60,26,21,29,42,269000
1,1999,-73.57207757,45.47703202,1,1,85.94,9,1,5,128,212,24,207,216,35,62,41,18,43,42,320000
3,1984,-73.6315396,45.5558849,6,1,135.64,9,1,5,162,187,32,250,193,41,70,38,24,42,50,389000
2,1985,-73.5248472,45.5923918,5,1,72,9,1,5,115,118,20,143,172,22,41,26,13,20,22,199000
2,2007,-73.5852016,45.4816069,7,1,93.46,9,1,5,135,215,30,228,216,36,65,41,18,43,45,377000
2,1997,-73.5471432,45.4605789,5,2,105.26,9,2,4,88,177,16,144,216,24,47,27,12,43,35,449000
2,1987,-73.60364196,45.43776452,4,1,101.26,9,1,4,83,195,22,148,142,24,46,27,14,36,29,295000
2,2009,-73.53489702,45.59117443,6,1,82.8,9,1,5,124,130,23,164,182,24,50,28,14,24,29,259200
2,1987,-73.5576624,45.525554,5,1,93.37,9,1,5,165,210,29,230,216,36,66,42,20,43,52,269000
2,2009,-73.56662437,45.50478902,4,1,72.09,9,1,4,150,212,28,228,216,36,63,42,19,43,52,398000
2,1943,-73.612084,45.5634467,6,1,113.5,9,1,6,169,195,34,247,207,39,69,40,20,43,51,309000
2,2004,-73.5365806,45.572433,4,1,91.23,9,1,5,131,171,24,166,212,29,51,32,17,43,48,255000
2,1999,-73.62871442,45.46940431,5,1,91.04,9,1,5,123,225,31,227,177,33,59,32,20,38,38,370900
2,2005,-73.6256303,45.5168038,5,1,89.09,9,1,5,165,221,35,291,210,42,75,43,23,43,54,375000
2,2012,-73.6072847,45.4954801,2,2,120.77,9,1,6,160,245,34,284,216,40,72,45,23,43,53,529000
2,2006,-73.6702075,45.5254856,4,2,81.75,9,1,5,100,98,25,185,14,24,39,15,15,6,32,285000
1,2005,-73.56283307,45.50549724,3,1,66.89,9,1,4,148,211,27,225,216,34,63,41,19,43,52,340000
3,1988,-73.5507543,45.4632091,6,1,113.99,9,1,4,94,185,18,155,216,25,48,29,15,43,37,400000
3,1990,-73.5631536,45.54939,5,1,102.19,9,1,6,165,208,32,233,216,39,65,42,21,43,51,399000
2,1986,-73.562104,45.507557,2,1,83.98,9,1,4,149,211,28,224,216,34,64,42,19,43,52,349000
2,1995,-73.5621951,45.4617737,5,1,105.35,9,1,4,106,190,21,171,216,30,53,31,15,43,39,429000
1,1990,-73.5558814,45.46066,4,1,67.73,9,1,4,97,181,20,159,216,26,49,27,14,43,36,269000
1,2013,-73.6256847,45.4724806,3,1,74.23,9,1,5,128,226,32,235,192,35,62,32,20,40,40,345000
2,2005,-73.587765,45.4395837,5,1,90.77,9,1,4,87,200,22,157,187,23,46,29,15,38,31,324900
2,1984,-73.6287894,45.5537997,5,1,85.47,9,1,5,166,192,35,255,199,41,70,39,24,42,51,279000
1,2011,-73.58546794,45.4809674,3,1,57.79,9,1,5,135,215,30,228,216,36,65,41,18,43,45,275000
1,2007,-73.6150162,45.5417805,3,1,65.1,9,1,5,178,214,37,276,214,43,71,44,25,43,52,229600
2,1906,-73.5355584,45.5595981,7,1,125.6,9,1,6,128,184,23,165,215,29,52,37,17,43,50,409000
2,2009,-73.54420853,45.5524402,5,1,101.1,9,1,7,136,192,25,189,216,33,53,40,18,43,50,312900
2,2007,-73.565424,45.4948956,4,1,82.68,9,1,5,139,213,27,216,216,37,62,41,18,43,49,439000
4,1929,-73.6194348,45.5075488,8,1,134.71,9,1,6,170,248,37,299,215,43,76,46,24,43,55,576000
1,2009,-73.5500564,45.5142423,4,1,65.03,9,1,4,154,208,27,214,216,35,66,41,19,43,52,374000
2,1999,-73.57686985,45.47755045,5,1,83.71,9,1,5,129,212,25,213,216,35,62,41,18,43,42,372000
2,2005,-73.5494676,45.4497285,5,1,97.55,9,1,4,77,171,15,128,216,22,43,27,11,43,26,380000
2,2006,-73.5661919,45.4953172,4,1,74,9,1,5,140,213,27,218,216,37,62,41,18,43,49,419000
2,2012,-73.5167026,45.6071176,4,1,87.33,9,1,4,91,49,19,112,60,18,26,11,8,7,17,275000
2,2006,-73.5350223,45.5883806,5,1,86.2,9,1,5,126,134,23,165,185,24,51,28,14,26,33,259900
2,2009,-73.652128,45.4987453,4,1,79,9,1,6,131,201,31,240,109,35,60,26,21,31,42,295000
3,1935,-73.62270046,45.50824843,7,2,151.4,9,1,5,169,245,37,298,211,42,77,45,24,43,55,629000
2,1991,-73.58357795,45.45482131,5,1,65.03,9,1,4,105,205,25,185,216,29,53,33,17,43,38,198000
2,2005,-73.5474666,45.4677101,8,1,89.19,9,1,5,101,197,18,157,216,25,55,38,15,43,39,340000
3,2012,-73.57565064,45.46365648,7,1,78.97,9,1,4,114,192,24,192,216,31,57,32,17,43,40,319900
2,2007,-73.5811141,45.4746384,4,1,116.13,9,1,5,130,214,27,215,216,34,64,41,18,43,43,675000
2,2010,-73.6302,45.5920135,4,1,81.57,9,1,4,124,82,23,184,13,28,41,22,15,2,43,199900
1,2005,-73.5813023,45.518525,1,1,85.66,9,1,4,172,212,32,258,216,41,70,42,22,43,53,422500
1,2006,-73.5494282,45.4498277,7,1,92.9,9,1,4,77,171,15,128,216,22,43,27,11,43,26,399000
2,2003,-73.6520209,45.5580028,4,1,80.18,9,1,3,116,121,23,207,16,28,47,24,17,7,45,250000
1,1990,-73.55558099,45.4605095,4,1,83.61,9,1,4,96,181,20,158,216,26,49,27,14,43,36,319000
2,2008,-73.5338815,45.5907956,4,1,92.9,9,1,5,124,130,23,164,182,24,50,28,14,24,29,254900
2,2012,-73.5817227,45.4774049,4,1,75.72,9,1,5,132,214,28,217,216,35,64,41,18,43,44,289000
1,2009,-73.55475234,45.4480287,4,1,62.71,9,1,4,80,172,17,133,216,23,43,27,11,43,28,312000
3,2003,-73.5948456,45.5301379,6,1,115.2,9,1,5,182,222,35,285,216,44,74,44,23,43,53,439000
2,1988,-73.5508035,45.4627057,6,1,118.08,9,1,4,93,182,18,154,216,25,48,29,15,43,37,407000
2,2013,-73.5594213,45.44883032,6,2,100.15,9,1,4,89,178,19,147,216,25,46,27,13,43,30,495000
2,2006,-73.54930401,45.44970668,5,2,177.44,9,3,4,77,171,15,128,216,22,43,27,11,43,25,895000
1,1952,-73.62886906,45.50054186,5,1,70.79,9,1,5,155,246,36,289,203,40,73,44,23,43,51,249999
1,2010,-73.66566085,45.44225601,3,1,48.12,9,1,4,62,106,22,138,5,17,27,7,11,1,9,150000
3,1989,-73.6324626,45.4333634,8,1,121.61,9,1,4,72,142,22,145,35,20,33,14,11,17,24,352000
3,1987,-73.5508317,45.463012,6,1,99.87,9,1,4,93,183,18,155,216,25,48,29,15,43,37,387000
2,1963,-73.58588746,45.49773188,5,2,150.97,9,1,6,153,223,30,258,216,39,67,42,20,43,53,729000
3,1912,-73.6061496,45.5195788,7,1,111.48,9,1,5,171,224,34,296,216,42,74,44,23,43,53,699000
1,1986,-73.5470314,45.6149769,3,1,59.09,9,1,4,114,62,24,152,72,21,38,12,11,7,20,179000
2,2008,-73.6677799,45.535718,4,2,83.61,9,1,5,102,96,26,187,11,28,43,14,16,4,37,299000
1,1989,-73.5557202,45.461996,4,1,72.74,9,1,4,98,186,20,160,216,27,49,29,15,43,37,299000
2,1997,-73.6162781,45.4411606,6,1,96.8,9,1,4,83,191,22,158,103,26,45,26,14,35,28,292800
2,2000,-73.6364597,45.5410997,5,2,120.5,9,1,4,148,197,33,255,198,39,68,40,22,42,52,385000
2,2011,-73.6087982,45.5303565,5,1,92.07,9,1,5,177,221,37,294,216,43,75,44,25,43,53,355000
2,2010,-73.53589585,45.61307553,5,1,85.94,9,1,4,111,52,23,138,69,21,35,12,10,7,20,224500
2,2006,-73.53530288,45.58817327,4,1,86.21,9,1,5,128,134,23,165,186,24,51,28,14,26,34,244500
4,2006,-73.62504748,45.51111464,8,2,210.43,9,2,5,167,240,36,299,210,42,77,45,23,43,55,801000
3,1910,-73.5461234,45.5414493,9,1,119.38,9,2,5,143,199,26,198,216,33,57,40,18,43,51,439000
2,1996,-73.5501765,45.4646529,11,2,105.44,9,2,4,98,188,18,156,216,25,49,32,15,43,38,429000
2,2012,-73.5595213,45.495571,5,1,89.19,9,1,5,135,211,26,204,216,34,61,41,17,43,49,449000
4,1927,-73.570291,45.5309272,11,2,223.43,9,1,4,174,210,32,252,216,40,69,42,22,43,53,819000
1,2011,-73.5505152,45.5133341,5,1,70.42,9,1,4,152,208,27,211,216,35,67,41,20,43,52,409000
3,2011,-73.5934695,45.4745839,5,1,103.12,9,1,5,128,222,29,225,216,36,65,42,18,43,42,374000
2,1998,-73.61252739,45.44357189,5,1,114.27,9,1,5,91,203,23,166,142,25,50,28,14,36,35,320000
2,2013,-73.5689016,45.5027299,6,2,104.33,9,1,5,151,216,28,235,216,37,63,42,19,43,52,639000
2,2003,-73.5865657,45.5655303,5,1,102.19,9,1,6,165,204,29,231,216,40,68,44,20,43,51,375000
2,2002,-73.5651552,45.4927483,5,1,102.19,9,1,5,137,213,27,213,216,37,62,41,17,43,48,374900
1,2008,-73.6537971,45.5000145,3,1,69.96,9,1,7,127,199,31,239,94,36,60,25,21,28,42,219000
3,2009,-73.5859396,45.5726048,5,1,102.8,9,1,7,152,195,28,216,215,38,62,40,19,43,51,334500
2,2004,-73.5644741,45.493768,5,1,72.65,9,1,5,138,213,27,212,216,37,62,41,17,43,49,315900
1,2004,-73.6321623,45.5529358,3,1,57.97,9,1,5,162,193,34,256,195,41,70,39,23,42,51,214000
1,2013,-73.5689016,45.5027299,3,1,68.75,9,1,5,151,216,28,235,216,37,63,42,19,43,52,350000
2,2009,-73.5859396,45.5726048,5,1,78.13,9,1,7,152,195,28,216,215,38,62,40,19,43,51,299000
3,2001,-73.5588682,45.5975998,6,2,127.46,9,1,5,135,127,25,186,176,28,52,31,16,22,43,399000
2,1987,-73.6097879,45.4245064,4,1,85.47,9,1,3,67,140,20,130,47,18,31,14,9,23,18,294000
3,2011,-73.5585556,45.4851038,5,1,116.04,9,1,5,127,211,25,201,216,35,62,41,17,43,43,425000
2,2005,-73.54911089,45.44981466,6,2,136.57,9,1,4,77,171,15,128,216,22,42,27,11,43,25,699000
2,2007,-73.5704941,45.5067198,6,2,74.32,9,1,4,152,212,28,234,216,37,64,42,19,43,52,498000
2,2006,-73.581169,45.474261,5,1,88.5,9,1,5,129,214,27,215,216,34,64,41,18,43,43,375000
3,1988,-73.5481073,45.4520799,6,2,151.8,9,2,4,77,173,15,132,216,22,43,27,11,43,26,820000
2,2012,-73.5167026,45.6071176,4,1,82.68,9,1,4,91,49,19,112,60,18,26,11,8,7,17,282000
2,2008,-73.54301543,45.54663673,5,1,105.35,9,1,7,137,196,25,188,216,32,56,40,19,43,50,329000
2,2005,-73.5646516,45.494652,3,1,75.44,9,1,5,138,213,27,212,216,37,62,41,18,43,49,335000
2,1990,-73.5558814,45.46066,5,2,99.5,9,1,4,97,181,20,159,216,26,49,27,14,43,36,397000
1,2010,-73.55516195,45.49700741,1,1,61.97,6,1,4,130,207,25,197,216,34,61,41,17,43,49,269000
2,1999,-73.6314981,45.4771661,4,1,90.4,9,1,5,132,228,33,241,184,36,62,32,21,40,41,299000
2,2009,-73.5859396,45.5726048,4,1,85.1,9,1,7,152,195,28,216,215,38,62,40,19,43,51,299000
2,1988,-73.5537507,45.5735846,4,1,105.1,9,1,6,144,185,27,192,215,32,58,35,18,43,50,349000
3,1883,-73.5330986,45.5995613,7,1,127,9,1,5,118,111,23,152,157,22,43,24,13,14,25,299000
1,2005,-73.5607294,45.4955762,1,1,81.7,9,1,5,137,212,26,208,216,34,62,41,17,43,49,350000
2,1939,-73.6217613,45.5177836,7,1,107.95,9,1,5,165,226,36,292,211,43,76,44,23,43,53,508000
2,2001,-73.5466101,45.4671484,6,1,104.24,9,1,5,96,192,17,155,216,24,53,36,14,43,39,425000
2,2006,-73.5494107,45.4497643,4,1,92.9,9,1,4,77,171,15,128,216,22,43,27,11,43,26,378000
2,2010,-73.6520938,45.4987644,6,1,93.55,9,1,6,131,201,32,241,109,35,60,26,21,31,42,375000
3,2007,-73.61113453,45.42391308,6,2,120.77,9,1,3,66,137,20,129,42,18,30,12,9,23,16,354000
1,2008,-73.5892223,45.5338305,3,1,67.82,9,1,5,181,220,34,279,216,44,75,44,23,43,53,233000
1,2004,-73.5735404,45.4817315,7,2,142.51,9,1,5,131,212,25,214,216,35,62,41,18,43,44,749000
2,1932,-73.6348805,45.4848793,6,1,116.13,9,1,5,135,229,33,252,189,36,64,34,22,41,41,424500
2,1984,-73.5400613,45.4640659,7,2,138.52,9,1,4,79,179,14,134,216,23,46,28,12,43,33,569000
2,2005,-73.5478214,45.4679316,5,2,108.14,9,2,5,101,199,18,158,216,25,55,38,15,43,39,489000
1,2007,-73.5821486,45.5943145,3,1,64.2,9,1,6,142,152,26,195,173,30,55,34,18,26,46,234900
2,1985,-73.5719887,45.5204369,4,1,95.69,9,1,4,170,211,29,247,216,39,69,42,21,43,53,369000
1,2009,-73.58928242,45.53527588,4,1,78.78,9,1,5,182,220,34,281,216,44,75,44,23,43,53,323450
4,2010,-73.5350759,45.5907435,7,2,120.77,9,1,5,124,130,23,164,182,24,50,28,14,25,29,349900
1,2005,-73.54908943,45.46777579,5,1,87.14,9,1,5,102,202,19,158,216,26,56,38,16,43,40,389000
3,1988,-73.54046345,45.46365235,6,2,151.43,9,2,4,79,179,14,134,216,23,46,28,12,43,33,625000
2,2007,-73.5293258,45.5575416,4,1,89.19,9,1,5,120,180,22,156,215,28,52,36,15,43,50,284000
2,1996,-73.6150889,45.4416412,8,1,94.76,9,1,4,84,195,22,159,110,26,46,27,14,35,28,339000
3,2006,-73.5614692,45.5103392,6,2,78.78,9,1,4,157,212,29,231,216,35,67,42,19,43,52,335000
1,2012,-73.5609864,45.5112022,3,1,56,9,1,4,158,212,29,234,216,36,67,42,20,43,52,249999
2,2011,-73.67199898,45.53357259,4,1,91.6,9,1,5,98,91,23,176,10,23,40,14,15,1,33,269000
4,1930,-73.5814163,45.5393583,7,1,146.32,9,2,4,179,216,34,270,216,43,73,44,23,43,52,478600
2,2002,-73.6246635,45.5167913,4,1,118.17,9,1,5,165,222,35,291,210,42,75,43,23,43,54,469000
2,1988,-73.58718903,45.60530365,5,1,88.74,9,1,5,138,96,25,188,106,27,51,26,17,10,42,254900
3,2008,-73.6083851,45.4252262,6,2,109.35,9,1,3,69,147,21,128,56,19,34,16,9,23,19,339000
1,2009,-73.5885534,45.5696993,6,1,65.03,9,1,6,158,197,29,225,215,38,65,42,19,43,51,207500
2,2011,-73.5947564,45.4619325,5,1,95.32,9,1,5,117,225,29,204,216,30,57,33,18,43,39,252700
2,1991,-73.547744,45.463205,5,1,89.09,9,1,4,89,181,17,150,216,24,48,29,13,43,37,299000
2,2000,-73.572379,45.4946089,5,2,107.3,9,1,5,145,218,27,229,216,38,64,42,21,43,51,549000
2,1984,-73.5534963,45.5730785,5,1,92.9,9,1,6,145,185,27,193,215,32,60,35,18,43,50,265000
1,2008,-73.65288,45.500091,4,1,64.47,9,1,6,131,201,31,241,107,36,60,26,21,29,42,219000
1,2012,-73.55185747,45.57148467,3,1,58.16,9,1,6,145,185,27,194,215,32,60,36,18,43,50,295000
2,1981,-73.54310274,45.45885885,8,2,95.41,9,1,4,80,175,14,132,216,23,45,26,12,43,28,280000
2,1914,-73.57688185,45.52703401,4,1,106.84,9,1,4,175,212,32,260,216,40,71,42,22,43,53,479000
2,2009,-73.5449012,45.5524422,5,1,92.07,9,1,7,137,192,26,189,216,34,53,40,18,43,50,286500
2,2011,-73.6051331,45.5395403,4,1,94.48,9,1,5,181,216,36,281,216,42,71,44,24,43,52,349900
1,2011,-73.5938713,45.4747956,3,1,69.03,9,1,5,128,222,29,225,216,36,65,42,18,43,42,264999
2,2003,-73.569653,45.4920588,5,1,87.33,9,1,5,140,214,27,221,216,37,63,41,18,43,50,385000
3,1988,-73.5633531,45.5504183,5,2,98.48,9,1,6,163,207,32,232,216,39,65,42,21,43,51,402900
2,2005,-73.561664,45.595528,7,1,113.99,9,1,5,140,136,26,190,179,28,55,33,17,23,43,359500
2,2004,-73.59545495,45.53414726,5,1,73.21,9,1,5,185,222,36,287,216,43,75,44,23,43,53,282400
2,1983,-73.5815787,45.487494,5,1,82.68,9,1,5,135,216,28,232,216,37,63,42,18,43,46,325000
2,1987,-73.539902,45.46646,5,1,96.43,9,1,5,83,184,15,137,216,22,49,31,11,43,35,339000
1,1995,-73.5561887,45.51533626,6,1,83.8,9,1,4,163,210,29,227,216,36,68,41,20,43,52,349000
1,1998,-73.5726109,45.4477747,5,1,87.33,9,1,4,90,178,20,156,216,24,46,27,15,43,34,289500
3,2001,-73.586707,45.5209469,5,2,117.06,9,1,5,177,219,33,273,216,43,73,44,23,43,53,490000
2,2008,-73.53497116,45.59083134,5,1,102.84,9,1,5,124,130,23,164,182,24,50,28,14,25,29,259000
2,1988,-73.54949457,45.46215408,6,1,95.23,9,1,4,91,180,18,152,216,24,47,28,13,43,37,329000
3,1937,-73.6301102,45.4724847,7,1,126.35,9,1,5,125,227,31,230,179,34,60,32,20,38,40,510000
2,2007,-73.54937054,45.52683062,4,1,91.4,9,1,5,156,208,29,221,216,35,65,41,18,43,52,284500
3,2002,-73.6123706,45.5238776,7,2,133.9,9,1,5,175,225,36,297,216,43,76,44,24,43,53,485000
1,2010,-73.6305143,45.5920596,4,1,60.94,9,1,4,124,80,23,182,10,27,41,22,16,2,43,159500
2,2012,-73.5505152,45.5133341,6,1,120.96,9,1,4,152,208,27,211,216,35,67,41,20,43,52,669000
2,2010,-73.5961252,45.5324948,4,1,88.16,9,1,5,183,221,35,286,216,44,73,44,23,43,53,435000
4,1992,-73.6090339,45.4335195,6,2,153.29,9,1,3,76,168,21,144,86,22,41,20,13,32,27,379000
1,1994,-73.55016357,45.46414246,4,1,76.65,9,1,4,97,184,18,156,216,24,48,31,15,43,38,329000
3,2006,-73.5429842,45.5461294,5,1,107.77,9,1,6,137,196,25,187,216,32,57,40,18,43,50,335000
2,2008,-73.6076008,45.529807,6,3,130.99,6,1,5,177,223,37,295,216,43,76,44,25,43,53,549000
1,1994,-73.5609812,45.5942043,3,1,62.62,9,1,5,141,161,27,190,181,28,55,33,17,27,43,178000
4,2006,-73.6238678,45.5107888,7,2,170.01,9,2,6,170,244,37,298,210,42,78,45,23,43,55,658800
2,1987,-73.5535194,45.5740621,5,1,89.84,9,1,6,143,185,27,192,215,32,58,35,18,43,50,275000
2,2001,-73.5653027,45.5477842,5,1,104.33,9,1,6,166,209,32,238,216,40,66,42,21,43,52,410000
1,2009,-73.6111225,45.5316878,2,2,92.9,9,1,5,178,220,37,290,216,44,75,44,25,43,53,389900
2,1995,-73.5622015,45.4617385,4,1,109.25,9,1,4,106,190,21,170,216,30,53,31,15,43,39,429000
2,2010,-73.5352092,45.6133457,4,1,90.12,9,1,4,110,52,23,136,68,21,35,12,10,7,19,224500
2,2008,-73.5762766,45.45622,5,1,95.04,9,1,4,105,200,23,177,216,31,51,32,16,43,39,289900
2,1989,-73.5475387,45.5578887,7,1,93.65,9,1,7,141,193,26,196,216,33,58,41,19,43,50,325000
2,2003,-73.6520209,45.5580028,5,1,85.01,9,1,3,116,121,23,207,16,28,47,24,17,7,45,319900
2,2012,-73.5401277,45.4689111,5,2,115.66,9,1,5,89,191,17,139,216,23,52,35,11,43,38,545000
2,2002,-73.5505152,45.5133341,5,1,95.97,9,1,4,152,208,27,211,216,35,67,41,20,43,52,399000
2,1990,-73.6187103,45.5491335,5,1,72.84,9,1,5,174,207,33,267,209,43,72,43,25,43,52,229500
2,2009,-73.5346531,45.5913801,4,1,92.9,9,1,5,124,130,23,164,182,24,50,28,14,24,29,225000
2,2010,-73.619827,45.5367974,4,1,77.11,9,1,5,175,210,38,280,210,44,72,43,24,43,52,369000
1,2002,-73.5631893,45.5045325,3,1,73.77,9,1,4,147,211,28,224,216,34,63,41,19,43,52,269500
2,2012,-73.5839291,45.4801258,5,2,86.12,9,1,5,135,214,29,226,216,36,65,41,18,43,45,399000
1,2003,-73.5668425,45.5452926,3,1,79.9,9,1,6,169,210,32,242,216,41,68,42,22,43,52,269500
2,2012,-73.5497638,45.5371737,5,1,69.21,9,1,5,152,208,28,215,216,35,64,41,18,43,51,265000
2,2011,-73.6738786,45.5062795,6,1,91.6,9,1,5,93,143,23,179,18,29,40,18,14,7,30,299900
1,2008,-73.5866254,45.5365092,3,1,63.55,9,15,5,182,219,34,279,216,44,75,44,22,43,53,279000
2,2006,-73.5318495,45.5869935,7,1,95.32,9,1,5,122,131,23,161,186,24,49,28,14,26,32,259900
2,2005,-73.5788009,45.5605252,4,1,89.65,9,1,6,164,205,30,231,216,40,68,44,20,43,51,308000
1,1995,-73.5559214,45.5153749,3,1,57.6,9,1,4,164,210,29,227,216,36,68,41,20,43,52,245999
2,1908,-73.5939282,45.5180405,5,1,89.1,9,1,5,174,223,34,285,216,43,74,44,22,43,53,429000
2,2006,-73.6069657,45.5368839,5,1,78.6,9,1,5,180,219,37,282,216,43,73,44,25,43,53,323888
2,2009,-73.6503913,45.5001025,4,1,77.5,9,1,5,134,207,32,247,120,36,62,27,21,33,42,274500
2,2005,-73.53267065,45.58759247,6,1,88.26,9,1,5,124,131,23,164,185,24,50,28,14,26,31,241000
2,2010,-73.652128,45.4987453,5,1,79.5,9,1,6,131,201,31,240,109,35,60,26,21,31,42,278000
2,2002,-73.566599,45.54573653,5,1,79.9,9,1,6,169,210,32,241,216,41,68,42,22,43,52,278500
3,1988,-73.5628288,45.5492212,8,1,98.85,9,1,6,165,208,32,233,216,39,66,42,21,43,51,360000
2,2009,-73.66134,45.5532224,4,1,81.75,9,1,5,106,98,22,197,11,28,42,14,17,1,42,299000
2,2006,-73.568731,45.5752472,5,1,94.95,9,1,7,143,187,27,204,216,37,58,38,20,43,51,254000
3,2003,-73.6235718,45.5340174,6,1,104.98,9,1,5,170,211,36,279,210,44,73,43,23,43,53,425000
1,2005,-73.5437259,45.5510134,4,1,71.54,6,1,7,138,194,26,189,216,34,54,40,18,43,50,239000
3,2011,-73.530569,45.6111362,6,1,95.32,9,1,4,109,54,22,133,74,21,36,12,10,7,20,268800
1,1907,-73.56709,45.511371,5,1,62.25,9,1,4,160,212,29,238,216,37,66,42,20,43,52,299000
2,2006,-73.581169,45.474261,6,2,130.62,9,1,5,129,214,27,215,216,34,64,41,18,43,43,714000
3,2005,-73.59269142,45.5324772,6,1,97.7,9,1,5,183,222,35,283,216,43,75,44,23,43,53,423000
2,2002,-73.55374319,45.55278844,6,1,95.32,9,1,7,149,196,28,215,216,36,60,41,19,43,50,289000
2,1988,-73.5630289,45.5496334,6,1,85.66,9,1,6,164,207,32,233,216,39,65,42,21,43,51,309000
1,2004,-73.5453272,45.5542614,1,1,96.71,9,1,7,138,192,25,190,216,32,54,40,18,43,50,325000
4,1947,-73.6189801,45.5002532,8,2,173.73,9,1,5,161,257,35,289,216,42,75,46,24,43,53,719000
4,2009,-73.55415153,45.44808891,4,2,95.69,9,1,4,77,172,16,130,216,23,43,27,11,43,28,455000
2,1987,-73.5405805,45.4644019,5,1,103.22,9,1,4,83,179,15,134,216,23,46,28,12,43,33,296500
2,1987,-73.5407221,45.4645412,5,1,103.22,9,1,4,83,179,15,134,216,23,46,28,12,43,33,287000
2,2006,-73.543712,45.5454466,4,1,83.61,9,1,6,139,198,27,189,216,32,57,40,18,43,51,267000
2,2000,-73.5501152,45.5110112,6,1,119.29,9,1,4,145,209,27,203,216,35,67,41,20,43,52,629000
1,2011,-73.55430558,45.56894002,3,1,58.16,9,1,6,142,190,26,196,216,33,60,39,19,43,50,230000
2,2012,-73.5086779,45.5876274,4,1,72.19,9,35,5,96,101,18,113,154,18,32,22,10,16,19,226000
2,2011,-73.5953945,45.5319527,4,1,79.6,9,1,5,180,221,35,285,216,44,73,44,23,43,53,375000
2,2002,-73.5664186,45.5459429,5,1,79.9,9,1,6,168,210,32,241,216,41,68,42,22,43,52,266900
2,2011,-73.6087407,45.53057546,4,1,83.61,9,1,5,177,221,37,294,216,43,75,44,25,43,53,359000
2,1999,-73.5647817,45.552639,5,1,99.03,9,1,7,163,207,32,232,216,39,64,42,21,43,52,325000
2,1983,-73.5658388,45.521331,5,2,129.14,9,1,4,171,211,29,243,216,38,68,42,20,43,52,375000
2,2012,-73.6069194,45.5294605,4,1,78.97,9,1,5,178,223,37,293,216,44,76,44,25,43,53,359000
2,2008,-73.5640302,45.5434663,7,1,124.49,9,1,5,167,210,32,238,216,41,68,42,22,43,51,459000
1,1987,-73.5529087,45.5243224,3,1,64.38,9,1,5,160,208,29,227,216,35,65,41,18,43,52,215000
2,1987,-73.5439104,45.4646343,7,1,127.74,9,1,4,91,182,16,140,216,24,47,30,13,43,37,434000
3,1939,-73.6186449,45.5059854,7,2,157.94,9,1,6,168,248,35,299,216,43,76,46,24,43,55,655000
3,2004,-73.6174142,45.5417387,7,1,138.89,9,1,5,176,209,37,276,210,43,71,43,25,43,52,534500
2,2006,-73.5323313,45.5874209,7,1,86.31,9,1,5,124,131,23,163,185,24,50,28,14,26,32,244000
2,2012,-73.5839291,45.4801258,7,2,107.77,9,1,5,135,214,29,226,216,36,65,41,18,43,45,619000
2,2008,-73.5346531,45.5913801,7,1,92.9,9,1,5,124,130,23,164,182,24,50,28,14,24,29,239500
2,2006,-73.5661751,45.5440925,4,1,97.18,9,1,5,169,210,32,242,216,41,68,42,22,43,52,395000
2,1986,-73.6463324,45.5619872,6,1,91.51,9,1,4,120,126,24,213,67,31,51,29,18,12,47,268500
1,2004,-73.6217969,45.5295142,4,1,91.6,9,1,5,166,214,35,279,210,44,76,43,23,43,53,275000
1,1985,-73.52433152,45.59299807,4,1,59.46,9,1,5,114,117,20,142,170,22,39,26,12,20,20,174900
2,1986,-73.5678544,45.489596,5,1,84.26,9,1,5,132,214,27,216,216,36,63,41,18,43,46,319000
1,2009,-73.6309852,45.5518062,6,1,57.41,9,1,5,162,193,34,257,198,41,70,39,24,42,51,234900
2,2002,-73.6416185,45.4165055,4,1,92.44,9,1,2,56,91,15,114,6,12,23,8,8,3,6,309000
2,2004,-73.6083851,45.4252262,5,1,85.6,9,1,3,69,147,21,128,56,19,34,16,9,23,19,269000
2,2004,-73.581169,45.474261,5,1,96.15,9,1,5,129,214,27,215,216,34,64,41,18,43,43,419000
3,1983,-73.6483927,45.5625075,7,1,123.84,9,1,3,118,123,23,205,30,28,51,28,18,6,46,369000
2,2009,-73.58928528,45.53457944,4,1,89.65,9,1,5,181,220,34,280,216,44,75,44,23,43,53,418000
3,1923,-73.6145929,45.5215275,6,1,119.75,9,1,5,171,224,36,299,216,42,76,44,23,43,53,550000
3,1989,-73.6694172,45.5214875,6,2,141.25,9,1,5,104,142,26,193,21,27,41,18,15,8,32,460000
1,2011,-73.6162059,45.549475,4,1,60,9,15,5,176,208,34,269,210,43,72,43,25,43,52,197000
1,2009,-73.5357811,45.6121897,3,1,47.19,9,1,4,112,57,23,140,79,21,36,12,10,7,20,167900
2,1989,-73.562467,45.548129,6,1,93.46,9,1,6,166,208,32,234,216,39,66,42,21,43,51,285000
1,2009,-73.6309852,45.5518062,5,1,61.5,9,1,5,162,193,34,257,198,41,70,39,24,42,51,239900
1,2000,-73.623859,45.5335658,5,1,105.07,9,1,5,168,210,36,279,210,43,72,43,23,43,53,418000
1,2006,-73.61790419,45.53268764,2,2,90.12,9,1,5,175,218,38,282,214,45,75,44,24,43,53,390000
1,2012,-73.6535064,45.4971024,3,1,59.37,9,1,5,123,198,31,234,89,35,60,25,20,28,40,218000
2,2008,-73.5640302,45.5434663,6,1,113.16,9,1,5,167,210,32,238,216,41,68,42,22,43,51,399000
1,2010,-73.5961252,45.5324948,3,1,70.61,9,1,5,183,221,35,286,216,44,73,44,23,43,53,323000
2,2009,-73.5859396,45.5726048,5,1,88.7,9,1,7,152,195,28,216,215,38,62,40,19,43,51,245000
4,1929,-73.5912724,45.5424605,7,2,116.13,9,2,5,179,217,34,270,216,44,72,44,23,43,52,159000
2,2008,-73.58008202,45.58593363,5,1,98.57,9,1,6,143,176,26,201,207,33,57,36,19,41,51,309500
1,1874,-73.5790087,45.5076971,5,1,85.47,9,9,5,155,218,29,250,216,39,66,42,20,43,53,385000
3,2004,-73.6230638,45.5348271,5,1,107.3,9,1,5,171,211,37,280,210,44,73,43,24,43,53,445000
2,2003,-73.5536176,45.5527094,4,1,96.62,9,1,7,149,196,28,214,216,36,60,41,19,43,50,299000
3,2009,-73.6518877,45.498928,6,1,100.3,9,1,6,132,203,32,242,114,35,60,27,21,31,42,334000
2,2008,-73.5338815,45.5907956,4,1,92.9,9,1,5,124,130,23,164,182,24,50,28,14,24,29,239000
2,1978,-73.5404609,45.4610184,4,2,104.79,9,1,4,76,175,14,130,216,23,46,26,10,43,28,349000
2,2008,-73.6083851,45.4252262,5,1,85.9,9,1,3,69,147,21,128,56,19,34,16,9,23,19,309000
2,2006,-73.6201673,45.5364212,3,2,107.58,9,1,5,175,210,38,280,210,44,72,43,24,43,52,499000
1,2013,-73.5576307,45.5425694,4,1,65.4,9,1,5,162,207,30,229,216,37,66,42,19,43,51,238500
2,2012,-73.5380159,45.47383579,4,2,104.05,9,1,5,87,194,18,141,216,24,52,37,11,43,38,510000
3,1924,-73.6235251,45.5409773,7,1,104.05,9,1,5,170,206,38,274,207,44,72,43,23,43,52,319000
2,2011,-73.5576171,45.5726046,5,1,83.61,9,1,6,143,186,26,199,215,32,60,36,18,43,50,435000
1,2007,-73.54956486,45.52655404,5,1,85.47,9,1,5,157,208,29,220,216,35,65,41,18,43,52,300000
1,1981,-73.6602813,45.4603086,3,1,522.3,9,1,4,84,145,23,176,27,25,39,14,16,14,26,175000
1,1992,-73.55479717,45.45946841,4,1,68.01,9,1,4,93,179,20,155,216,26,48,27,14,43,36,264000
2,2011,-73.5576171,45.5726046,5,2,83.61,9,1,6,143,186,26,199,215,32,60,36,18,43,50,425000
2,2009,-73.5491277,45.5447023,5,1,114.18,9,1,5,146,199,27,203,216,32,57,41,19,43,51,310000
3,1920,-73.5813303,45.5334206,6,1,102.19,9,1,4,180,216,34,269,216,42,74,44,22,43,53,379000
2,2004,-73.5788432,45.5613887,4,1,102.38,9,1,6,163,204,30,230,216,39,68,44,19,43,51,304900
1,2003,-73.5548461,45.4988645,3,1,87.24,9,1,4,133,207,25,201,216,34,61,41,18,43,49,449900
2,2001,-73.636351,45.5410986,5,1,85.01,9,1,5,148,197,33,256,198,39,68,40,22,42,52,335000
4,2005,-73.5623076,45.5463644,8,2,148.18,9,1,6,166,210,32,235,216,40,68,42,21,43,51,454000
2,2011,-73.6738786,45.5062795,6,1,80.36,9,1,5,93,143,23,179,18,29,40,18,14,7,30,264000
2,2009,-73.5861152,45.5727751,5,1,98.11,9,2,7,151,195,28,216,215,38,62,40,19,43,51,260000
2,1999,-73.58406544,45.52299171,7,2,99.96,9,1,5,178,217,33,270,216,43,75,44,23,43,53,469000
2,2004,-73.5774325,45.5455423,5,1,88.26,9,1,5,178,212,33,251,216,42,71,44,23,43,52,355000
2,2009,-73.65242958,45.49848138,5,1,78.4,9,1,6,130,201,31,237,107,35,60,26,21,29,41,268000
2,2002,-73.5665156,45.5457713,5,1,103.96,9,1,6,169,210,32,241,216,41,68,42,22,43,52,439900
2,2007,-73.5661751,45.5440925,4,1,106.37,9,1,5,169,210,32,242,216,41,68,42,22,43,52,394900
2,2004,-73.5465277,45.5421387,6,1,138.33,9,1,5,143,198,26,198,216,32,57,40,18,43,51,439000
3,2003,-73.623318,45.534412,5,1,107.3,9,1,5,170,211,37,279,210,44,73,43,24,43,53,399000
2,1987,-73.5539859,45.5742739,5,1,116.13,9,1,6,143,185,27,192,215,32,58,35,18,43,50,346900
1,2006,-73.5871439,45.4394844,3,1,74.32,9,1,4,87,198,22,157,187,23,46,29,15,38,31,237000
2,2011,-73.55517093,45.57039655,3,1,64.66,9,1,6,142,187,26,197,216,33,60,37,19,43,50,275000
2,2009,-73.53079281,45.58622631,5,1,83.61,9,1,5,120,130,22,157,186,23,49,28,14,26,31,234500
2,2009,-73.5861152,45.5727751,4,1,96.25,9,1,7,151,195,28,216,215,38,62,40,19,43,51,250000
4,1930,-73.6170533,45.5071951,7,1,144.93,9,1,6,169,248,36,300,216,44,76,46,24,43,55,579000
2,2008,-73.6119525,45.4698671,4,1,77.39,9,1,5,127,243,32,233,214,34,61,34,18,43,39,269900
3,2005,-73.5881856,45.5348311,8,1,125.51,9,1,5,181,220,34,281,216,44,75,44,23,43,53,539000
4,1928,-73.6241912,45.540345,8,1,139.35,9,1,5,169,205,38,275,207,44,72,43,23,43,52,519000
1,2010,-73.680553,45.4974951,4,1,83.61,9,1,5,81,128,24,158,6,24,38,13,13,2,30,239900
3,1929,-73.5778111,45.5376875,9,2,128.21,9,1,4,181,215,33,268,216,42,73,44,22,43,53,495900
2,2005,-73.547275,45.469211,4,1,138.43,9,2,5,101,199,19,160,216,27,55,38,15,43,39,699000
2,2009,-73.5278081,45.5698693,4,1,62.8,9,1,5,120,156,21,152,210,27,47,29,14,39,42,209900
2,1989,-73.5617502,45.547737,4,1,103.31,9,1,6,165,208,32,235,216,39,66,42,21,43,51,314900
3,2007,-73.6115315,45.423706,6,2,102.19,9,1,3,66,137,20,128,42,18,30,12,9,23,14,369000
3,2005,-73.6166513,45.5427313,6,1,104.05,9,1,5,177,209,37,272,210,43,71,43,25,43,52,369000
2,1953,-73.5855077,45.5611369,6,1,85.84,9,1,6,166,206,31,236,216,40,68,44,20,43,51,199000
2,2006,-73.632421,45.5530644,5,1,83.15,9,1,5,162,192,34,256,194,41,70,39,23,42,51,319000
2,2010,-73.6181207,45.5329248,4,1,78.97,9,1,5,175,218,38,282,214,45,75,44,24,43,53,349900
1,2007,-73.56110923,45.49564191,3,1,73.86,9,1,5,137,212,26,208,216,34,62,41,17,43,49,269000
2,2001,-73.6421432,45.5451772,4,1,79.71,9,1,4,144,176,31,249,172,36,62,35,20,38,50,279000
2,1997,-73.5790726,45.5265269,6,1,111.11,9,1,4,176,214,33,263,216,41,73,43,22,43,53,479000
1,2007,-73.5852885,45.4815435,4,1,62.34,6,1,5,135,215,30,228,216,36,65,41,18,43,45,284000
4,1920,-73.62047911,45.48632752,14,2,214.79,9,1,5,146,249,33,262,211,39,66,37,22,43,44,779000
2,1957,-73.6128067,45.4926725,4,1,78.97,9,1,5,158,258,34,282,216,39,73,45,23,43,51,249000
3,1992,-73.5779031,45.4597133,7,1,94.3,9,1,4,113,203,25,190,216,31,56,33,17,43,39,379000
3,1900,-73.58346462,45.53241708,6,1,88.26,9,1,4,179,217,34,272,216,43,74,44,22,43,53,369000
2,1983,-73.58187675,45.48744825,5,1,82.68,9,1,5,135,216,28,232,216,37,63,42,18,43,46,315000
2,2011,-73.5954273,45.5317782,5,2,99.5,9,1,5,180,221,35,286,216,44,73,44,23,43,53,489000
2,2001,-73.57960224,45.56090905,5,1,88.3,9,1,6,164,205,30,230,216,40,68,44,20,43,51,325000
2,1997,-73.582622,45.4793349,6,1,78.97,9,1,5,133,214,28,224,216,36,64,41,18,43,44,265900
2,1985,-73.5685093,45.4924459,4,1,92.9,9,1,5,140,213,27,221,216,37,63,41,19,43,50,295000
2,1997,-73.5864687,45.5241493,5,1,102.19,9,1,5,177,220,33,271,216,43,73,44,23,43,53,465000
2,2005,-73.5927606,45.5323349,8,1,112.76,9,1,5,182,222,35,283,216,43,75,44,23,43,53,469000
2,2011,-73.5576095,45.5726156,5,1,81.01,9,1,6,143,186,26,199,215,32,60,36,18,43,50,349900
2,2004,-73.57702732,45.54543261,4,1,81.6,9,1,5,178,212,33,252,216,42,71,44,23,43,52,264500
1,2004,-73.627254,45.5013358,4,1,95.23,9,1,5,157,251,36,286,210,41,73,45,23,43,52,335900
2,1984,-73.5516466,45.5742918,6,1,88.07,9,1,6,143,184,28,191,215,32,58,35,18,43,50,269900
4,1912,-73.5926128,45.4605355,8,1,144,9,1,4,113,219,28,198,216,30,56,33,18,43,39,389000
2,1984,-73.6329226,45.5547304,5,1,88.07,9,1,5,163,187,33,253,193,40,70,38,23,42,50,314900
2,2009,-73.53505611,45.59120899,5,1,89.19,9,1,5,124,130,23,164,182,24,50,28,14,24,29,240000
4,1959,-73.6299014,45.4615106,10,2,231,9,2,5,112,219,28,210,149,30,56,29,17,36,37,389000
3,1931,-73.6320878,45.4766365,7,1,100.34,9,1,5,131,228,33,240,181,35,62,32,21,40,41,539000
3,1923,-73.6290556,45.4768568,6,1,125.42,9,1,5,133,227,32,242,191,35,63,32,21,40,41,459000
3,2006,-73.5663043,45.5441175,6,1,138.89,9,1,5,170,210,32,242,216,41,68,42,22,43,52,434500
1,2005,-73.5899625,45.5218606,2,1,51.1,6,1,5,174,220,33,277,216,43,73,44,23,43,53,259000
2,2006,-73.57563257,45.4636373,4,1,95.13,9,1,4,114,192,24,192,216,31,57,32,17,43,40,275000
4,1987,-73.54196548,45.46521749,8,2,152.55,9,1,4,88,181,16,139,216,23,47,29,13,43,36,515000
2,2006,-73.549177,45.449808,6,2,136.57,9,2,4,77,171,15,128,216,22,42,27,11,43,26,715000
2,2000,-73.5495468,45.5565162,5,1,120,9,1,7,146,194,27,202,216,34,60,41,18,43,50,299000
2,1850,-73.55644405,45.50124121,8,1,130.81,9,1,4,136,210,25,208,216,34,62,41,18,43,52,599900
1,2004,-73.54707648,45.4677537,3,1,69.49,9,1,5,99,197,18,157,216,25,55,38,14,43,39,277000
4,2001,-73.6421808,45.5451439,4,1,97.64,9,1,4,144,176,31,249,172,36,62,35,20,38,50,289900
2,1988,-73.549804,45.4628159,5,1,86.59,9,1,4,93,182,18,153,216,24,48,29,14,43,37,279000
3,1928,-73.61831188,45.51963909,8,2,99.13,9,1,5,168,228,36,294,215,44,75,44,23,43,53,490000
2,2000,-73.6238602,45.5335632,4,1,106.84,9,1,5,168,210,36,279,210,43,72,43,23,43,53,409900
2,2006,-73.6068678,45.5368401,5,1,78.72,9,1,5,180,219,37,282,216,43,73,44,25,43,53,319000
1,2010,-73.5499842,45.5160251,3,1,58.06,9,1,4,157,207,27,217,216,34,66,41,18,43,52,259900
1,2008,-73.56074095,45.4963757,3,1,48.31,9,1,5,137,211,26,209,216,34,61,41,18,43,49,280000
1,1995,-73.58784199,45.52457023,3,1,61.78,9,1,5,177,219,33,272,216,43,73,44,23,43,53,334000
2,2008,-73.5436462,45.5469674,5,2,92.9,9,1,7,139,196,26,191,216,32,56,40,19,43,50,355000
2,2009,-73.5316158,45.5865943,5,1,83.61,9,1,5,122,131,23,161,186,24,49,28,14,26,33,244000
4,2000,-73.6230222,45.5190166,8,2,167.23,9,1,5,165,222,36,291,210,43,77,43,23,43,53,499000
2,2005,-73.6252456,45.5177179,6,1,76.18,9,1,5,164,221,35,292,210,42,75,43,23,43,53,335000
1,1998,-73.61140251,45.44333551,3,1,78.5,9,1,5,90,199,23,164,145,25,49,28,14,36,34,229900
3,1990,-73.561692,45.5486303,6,1,98.9,9,1,6,165,208,32,232,216,39,65,42,21,43,51,275000
3,1928,-73.6280811,45.4755825,8,1,135.64,9,1,5,130,227,32,240,191,35,62,32,20,40,41,519000
2,2005,-73.5346784,45.5883258,7,1,84,9,1,5,125,134,23,165,185,24,51,28,14,26,32,255900
2,1997,-73.6117753,45.4432952,5,1,97.5,9,1,5,90,202,23,164,142,25,50,28,14,36,34,329000
1,2007,-73.54943275,45.52667486,5,1,98.48,1,1,5,156,208,29,221,216,35,65,41,18,43,52,349900
2,2008,-73.533818,45.5908754,5,1,79.9,9,1,5,124,130,23,163,182,24,50,28,14,24,29,199900
2,2002,-73.548556,45.450923,4,2,100.34,9,1,4,77,173,15,131,216,22,43,27,11,43,26,385000
1,2002,-73.5667165,45.5454307,3,1,102.36,9,1,6,169,210,32,242,216,41,68,42,22,43,52,271500
1,1983,-73.63255978,45.55444853,4,1,83.61,9,1,5,163,190,33,254,193,41,70,39,24,42,50,309000
2,2007,-73.52459,45.5932718,5,1,104.33,9,1,5,115,117,20,142,170,22,39,26,12,20,20,259000
2,1984,-73.553209,45.574702,5,1,88.1,9,1,6,143,185,29,191,215,32,58,35,18,43,50,249500
1,2002,-73.6092643,45.4453748,4,1,79.9,9,1,5,94,202,23,169,160,25,49,29,16,36,36,218900
3,1957,-73.61295,45.5166789,9,2,126.53,9,1,5,169,232,34,294,216,44,77,44,23,43,53,639000
2,2007,-73.56586933,45.5433888,5,1,100.52,9,1,5,169,210,32,243,216,41,68,42,22,43,52,405000
1,2011,-73.562056,45.4967098,3,1,53.33,9,1,5,138,212,27,212,216,35,62,41,18,43,49,275000
1,2004,-73.5843894,45.5184828,4,1,102.19,9,4,5,172,214,32,267,216,43,72,43,23,43,53,465000
2,2004,-73.57615829,45.57817002,5,1,106.84,9,1,7,148,189,28,209,215,36,61,38,19,43,51,324000
2,2006,-73.5350225,45.5883804,6,1,88.26,9,1,5,126,134,23,165,185,24,51,28,14,26,33,255900
3,2004,-73.6217969,45.5295142,7,1,116.04,9,1,5,166,214,35,279,210,44,76,43,23,43,53,369000
3,1988,-73.54770541,45.45204228,6,2,150.5,9,2,4,77,173,15,132,216,22,43,27,11,43,26,789000
2,2001,-73.55853081,45.51052736,5,2,90.1,9,2,4,157,210,29,226,216,35,67,41,20,43,52,385000
2,1987,-73.5784945,45.483414,5,1,102.19,9,1,5,133,212,27,226,216,36,62,41,18,43,44,374000
1,2007,-73.6151342,45.5416239,3,1,72.46,9,1,5,178,214,37,276,214,43,71,44,25,43,52,260000
1,2006,-73.56600344,45.49505773,3,1,60.39,9,1,5,140,213,27,217,216,37,62,41,18,43,49,280000
2,1997,-73.5866086,45.5240735,5,1,88.26,9,1,5,177,219,33,271,216,43,73,44,23,43,53,367000
2,1985,-73.568777,45.4926302,7,1,116.13,9,1,5,140,214,27,221,216,37,63,41,19,43,50,395000
2,1990,-73.56179237,45.54882877,5,1,86.86,9,1,6,165,208,32,232,216,39,65,42,21,43,51,275000
2,2009,-73.535,45.591059,7,1,97.92,9,1,5,124,130,23,164,182,24,50,28,14,24,29,259000
3,1984,-73.5525799,45.573806,7,2,135.64,9,1,6,143,185,27,192,215,32,58,35,18,43,50,315000
2,2007,-73.58097553,45.47493841,5,1,84.91,9,1,5,130,214,27,215,216,34,64,41,18,43,43,318000
2,1984,-73.6283029,45.5535884,5,1,92.53,9,1,5,167,192,35,255,199,41,70,39,24,42,52,314000
3,2000,-73.623992,45.5333238,5,1,107.12,9,1,5,166,210,35,279,210,43,72,43,23,43,53,402000
2,1999,-73.5581622,45.5974312,8,1,111.58,9,1,5,135,128,25,185,176,28,54,31,16,22,43,359000
3,1931,-73.5745785,45.5541251,6,1,111.48,9,1,6,169,207,32,238,216,40,67,44,22,43,52,339000
2,2008,-73.56444776,45.55251774,4,1,98.94,9,1,7,163,207,32,231,216,39,64,42,21,43,52,370000
2,1955,-73.57301474,45.5446211,5,1,85.47,9,1,5,174,213,33,250,216,41,70,44,22,43,52,310000
2,2005,-73.5331,45.5877124,6,1,92.9,9,1,5,125,132,23,164,185,24,51,28,14,26,33,250000
2,2008,-73.56454968,45.54370439,4,1,102.19,9,1,5,168,210,32,239,216,41,68,42,22,43,52,418500
2,2009,-73.53638649,45.61265653,4,1,86.77,9,1,4,111,57,23,140,75,20,36,12,10,7,20,239900
3,2004,-73.6503941,45.4237543,5,1,116.13,9,1,3,56,96,17,123,5,15,23,7,8,2,6,309000
2,2008,-73.571172,45.5546088,4,1,71.16,9,1,6,164,207,31,235,216,38,67,44,20,43,52,259000
2,2007,-73.5845475,45.591751,4,1,111.48,9,1,6,142,168,26,197,183,32,56,35,18,29,48,323000
1,2008,-73.6197072,45.5321145,4,1,48.5,9,1,5,173,215,38,281,210,45,76,43,24,43,53,271000
2,1986,-73.58021915,45.48512778,4,1,78.5,9,1,5,133,214,27,227,216,37,62,41,18,43,44,250000
2,2000,-73.5633052,45.550508,9,1,133.78,9,2,6,163,207,32,231,216,39,65,42,21,43,51,474000
2,2001,-73.5863231,45.5201797,5,1,74.32,9,1,5,173,218,33,271,216,43,73,44,23,43,53,350000
2,1999,-73.5644259,45.5525056,4,1,101.64,9,1,7,163,207,32,231,216,39,64,42,21,43,52,379000
3,2004,-73.6217714,45.5294135,6,1,128.86,9,1,5,166,214,35,281,210,44,76,43,23,43,53,399000
2,1987,-73.54138613,45.46474344,7,1,129.14,9,1,4,85,179,16,136,216,23,46,28,13,43,36,325000
1,1995,-73.56111646,45.46140992,4,1,86.4,9,1,4,106,189,20,168,216,30,52,31,15,43,39,272000
2,1980,-73.5837422,45.5022682,4,2,126.91,1,1,6,158,223,30,257,216,39,67,42,21,43,54,499000
2,2004,-73.5894238,45.6089371,4,1,93.27,9,1,5,136,88,25,185,85,26,47,24,16,8,42,259000
2,2006,-73.5924364,45.5317636,4,1,125.05,9,1,5,182,222,35,283,216,43,75,44,23,43,53,539000
2,2004,-73.5622998,45.5953846,7,1,101.36,9,1,5,141,154,27,190,179,29,55,33,17,25,43,289000
2,2006,-73.6166518,45.5427307,4,1,100.89,9,1,5,177,209,37,272,210,43,71,43,25,43,52,379000
2,2004,-73.5955792,45.534105,5,1,78.04,9,1,5,185,222,36,287,216,43,75,44,23,43,53,259000
2,2000,-73.5631097,45.5528608,5,1,90.12,9,1,7,160,207,30,229,216,39,64,42,21,43,51,259500
3,2009,-73.5861109,45.5727733,5,1,112.88,9,1,7,151,195,28,216,215,38,62,40,19,43,51,289000
2,2004,-73.5822591,45.4736519,4,1,119.38,9,1,4,130,220,26,213,216,34,65,42,18,43,42,629000
2,1941,-73.6120814,45.4953909,5,1,113.42,9,1,6,161,253,35,288,216,39,74,46,24,43,53,299000
1,1983,-73.5518682,45.51950378,4,1,69.58,9,1,4,161,209,28,222,216,36,66,41,19,43,52,234900
2,1988,-73.5730914,45.4821973,6,1,104,9,1,5,131,212,25,212,216,35,62,41,18,43,44,449000
3,1986,-73.64429712,45.56334282,7,1,111.48,9,1,4,128,132,28,217,90,32,54,29,18,14,47,327500
2,2007,-73.54960442,45.52662976,7,1,98.94,9,1,5,157,208,29,221,216,35,65,41,18,43,52,279000
3,1930,-73.6181158,45.5077027,8,2,167.23,9,2,6,169,248,36,301,216,44,76,46,24,43,55,700000
2,2007,-73.535469,45.559451,4,1,77.39,9,1,6,128,184,23,164,215,29,52,37,17,43,50,208000
3,2009,-73.5859108,45.57217562,5,1,112.88,9,1,7,154,195,29,216,215,38,62,40,19,43,51,287000
2,1999,-73.5678495,45.5129189,4,1,91.51,9,1,4,163,212,29,242,216,37,68,42,20,43,52,405000
2,1987,-73.55014086,45.46168082,6,1,103.4,9,1,4,92,180,18,152,216,24,47,28,12,43,37,329000
2,2009,-73.57715607,45.46118416,4,1,80.36,9,1,4,113,202,26,191,216,31,55,33,17,43,39,259900
1,2005,-73.5437262,45.551013,3,1,74.32,9,1,7,138,194,26,189,216,34,54,40,18,43,50,239000
1,1989,-73.5479677,45.5580226,4,1,87.05,6,1,7,141,193,26,197,216,33,58,41,19,43,50,264900
1,1890,-73.57402325,45.4813178,5,1,92.9,9,1,5,131,212,25,215,216,35,62,41,18,43,44,429000
2,2006,-73.565874,45.5440041,3,1,97.18,9,1,5,169,210,32,241,216,41,68,42,22,43,52,398000
2,2007,-73.5495422,45.5264999,4,1,74.32,9,1,5,156,208,29,220,216,35,65,41,18,43,52,259000
2,1995,-73.549751,45.463973,5,1,95.88,9,1,4,95,182,18,154,216,24,48,29,14,43,38,319000
2,2001,-73.6105893,45.4433017,5,1,113.53,9,1,5,90,201,23,165,149,25,49,28,14,36,34,345000
3,2000,-73.6238179,45.5336304,5,1,104.98,9,1,5,168,210,36,279,210,43,72,43,23,43,53,374500
2,2001,-73.56532216,45.54746131,5,1,92.9,9,1,6,167,210,32,238,216,40,68,42,21,43,52,259000
3,1997,-73.57814312,45.56036819,6,1,139.17,9,1,6,164,205,30,231,216,40,68,44,20,43,51,395000
2,2000,-73.5490827,45.5575326,7,2,221.57,9,2,7,141,193,27,201,216,34,57,41,19,43,50,395000
3,2004,-73.6178385,45.5413115,7,1,140.28,9,1,5,175,210,37,278,210,43,70,43,25,43,52,499900
3,2000,-73.5495615,45.55670228,9,1,130.16,9,1,7,146,194,27,202,216,34,60,41,18,43,50,369900
2,2003,-73.620031,45.4384189,4,1,138.33,9,1,4,80,170,22,153,74,24,42,20,13,32,27,284500
2,1986,-73.61964226,45.5115198,5,2,173.5,1,3,6,171,248,36,300,214,43,77,46,22,43,55,925000
2,2007,-73.52471352,45.59269,4,1,93.83,9,1,5,115,118,20,142,171,22,41,26,13,20,22,229000
3,1989,-73.5729111,45.4822581,5,2,138.9,9,1,5,131,212,25,211,216,36,62,41,18,43,44,649500
2,1977,-73.53947639,45.46085306,4.5,2,107.77,9,1,4,76,175,14,130,216,23,46,26,10,43,25,369000
2,2009,-73.5861109,45.5727733,5,1,102.47,9,1,7,151,195,28,216,215,38,62,40,19,43,51,279900
3,2006,-73.5427298,45.546053,5,1,106,9,1,6,137,196,25,186,216,32,57,40,18,43,50,310000
1,2007,-73.6704837,45.5251975,3,2,83.98,9,1,5,99,99,25,185,13,24,39,15,14,6,30,250000
2,1985,-73.6268632,45.5538304,4,1,101.36,9,1,5,168,193,34,257,200,41,69,40,24,42,52,357000
2,1988,-73.56107354,45.54888888,4,1,101.45,9,1,6,163,208,31,230,216,39,65,42,21,43,51,289000
id,name,description
